,dva,dvf,dvf_book
0,0.84000003,0.978,0.97
1,0.03999999,0.05,0.05
2,0.24999999,0.293,0.29
3,0.03,0.032,0.03
4,0.16,0.207,0.17
5,0.26,0.304,0.3
6,0.060000002,0.074,0.06
7,0.22,0.255,0.24
8,0.21,0.244,0.24
9,0.01,0.011,0.01
10,0.19,0.223,0.21
11,0.02,0.022,0.03
12,0.39,0.473,0.43
13,0.86,0.993,1.0
